id,room_name,capacity,password
1,ZathinChat,263,li5njoqdo09lng
2,KonkluxChat,18,uz5ctryjibscqw6
3,DuobamChat,102,jm3sldqd82mbq2
4,KeylexChat,16,hti3ywhe7
5,DuobamChat,257,n8bozdhdkckz
6,TresomChat,150,w57oxdbpozbf9
7,VagramChat,237,9maskmvrnobze5m
8,TrippledexChat,160,qupkfrttaragcr
9,TempChat,228,mj2fsr8wgr2hve2
10,LatluxChat,172,eioibdalo
11,KanlamChat,72,noeuao1jp6jj
12,RonstringChat,49,cp43o7viy8
13,MatsoftChat,201,wkkkw3rgt
14,FintoneChat,156,2ue9jwmf32c4
15,VentosanzapChat,120,3st8hwdvju4uf5
16,BytecardChat,14,gveh82jo8uusd5
17,LatluxChat,197,fy4278dp
18,ZamitChat,48,g7j9jc2booxg1
19,DaltfreshChat,157,kkf3uiuv4n4wrh1
20,Quo LuxChat,53,5fpso7xvxs4cfr
21,Sub-ExChat,180,p8ezje3b6x
22,FintoneChat,132,txbjaihvdu
23,Y-findChat,165,i9qr7y0idcj
24,AndalaxChat,117,6hmy0y7jxtagwz
25,DuobamChat,300,7jitsv5dguco6
26,FintoneChat,193,gn7xx816
27,LotstringChat,102,5gxz0d19ttzd141
28,ZathinChat,71,6do6vyac28
29,RonstringChat,157,xi54y0s0s08mgp
30,WrapsafeChat,38,b0qfuk8puw
31,KanlamChat,211,stj4p74advr2xp
32,KeylexChat,27,ilw7gjr57f6ugd
33,VivaChat,16,cwm9jormf
34,VoyatouchChat,286,qh33qnixyi
35,TinChat,192,k8xo6naj7u
36,ItChat,143,m2fspuz2b
37,FlexidyChat,25,g0at8dz3
38,TrippledexChat,42,yn9zigw516ak
39,BitwolfChat,67,n70af88s3k6f
40,KonklabChat,286,a1zk5fe63ebbh
41,StrongholdChat,15,n8skrsl8hwo
42,AerifiedChat,226,3y1sx98z4p3tf
43,HoldlamisChat,114,dy5p2um9xpldamm
44,CardguardChat,257,bnmgw9a5
45,VentosanzapChat,87,rqj9mfk16g
46,FintoneChat,178,maw13j8z2yof
47,TempChat,116,8sxig41c4r4ju
48,VoyatouchChat,129,tfgur93k
49,ZontraxChat,71,6l3s56noez1
50,HoldlamisChat,215,2yn79fggquvem
51,RonstringChat,78,o6ugjm686n91mhd
52,FlowdeskChat,147,368dl1y9gwbp
53,KonkluxChat,121,0q4n371mi0hjp5
54,MatsoftChat,63,w4cpyx1paqh3
55,SonairChat,176,cd3ukgchhrf7gd
56,FlowdeskChat,253,388cr7nbwq4nl
57,Quo LuxChat,191,s3ywgneu
58,BitchipChat,211,yry35spp
59,NamfixChat,24,5eq7b3jehdxh
60,BigtaxChat,9,p86eedms6qj
61,FintoneChat,171,94hsnffj
62,OverholdChat,231,ykw6sgcoqd0
63,Tres-ZapChat,266,fq5v4jo1
64,Y-SolowarmChat,85,dzzld9vhyx
65,DomainerChat,18,jwi09d5417vqt0
66,KonklabChat,116,hkqco3ey5irumr
67,GreenlamChat,134,83yc2bzk
68,VeribetChat,10,pvysj3y6yiaqis5
69,WrapsafeChat,93,w4796go4m5wk
70,BitchipChat,193,j8ai5a3hybzuct
71,SonsingChat,205,4pxeovp47
72,Y-SolowarmChat,171,hqo2r72en2snjl
73,KonkluxChat,102,w3dk1etdwla90
74,RankChat,261,q38cpl7mv26i
75,KonklabChat,113,xd8ajc8t
76,TempChat,17,t5pzup3rv3
77,FixflexChat,116,vj3he58q9
78,TempChat,35,eu5wi1eh7wnu
79,CardguardChat,68,lbxax5m3y
80,FlowdeskChat,189,cvgtbj3n1y
81,CookleyChat,174,giho0s45ba5unrk
82,ZontraxChat,46,uz5jew4ehln
83,VeribetChat,79,7ibswl4oilezz
84,TreeflexChat,238,3drriid7bowkr
85,DaltfreshChat,182,5g5uti7xt7ho
86,AerifiedChat,245,jq49nidx389kqik
87,CookleyChat,103,yhhyyrht
88,ZamitChat,148,ce3iyrat
89,BiodexChat,267,e4n4iucbz7u556
90,ZathinChat,210,oebs3tvwd11
91,PannierChat,284,7e6gah1bjsogv
92,ZathinChat,190,ja0a73bzmgy81
93,FlowdeskChat,257,zhh3mf7ox8d
94,RegrantChat,192,nm09xjwg1u6
95,TampflexChat,90,o4x22leksre
96,VagramChat,182,1pc0oeq6r4w0f
97,Zaam-DoxChat,159,wrjse8ffro3s
98,Sub-ExChat,223,d1e93n177v
99,TempsoftChat,243,5rn0tt8s
100,TempsoftChat,85,onasclp3mm2ldfd
101,Y-SolowarmChat,241,6wondssreqf
102,ZamitChat,55,veegr85eg
103,LatluxChat,257,nxdto65gbk0n
104,Zaam-DoxChat,24,znupykud2w
105,FlowdeskChat,238,vp6y4bcla
106,ZamitChat,13,5nl0wtkl9r
107,DuobamChat,145,oyqk7g03g
108,SonairChat,129,brsc53cf7y4a8h
109,DuobamChat,108,teg3hkbg775
110,Quo LuxChat,40,iqcj08toia20ouv
111,DaltfreshChat,176,z7qe22h8
112,FixflexChat,128,lvpsakx2
113,VeribetChat,78,jbidsriasgxeo8
114,KonklabChat,174,2v9vixv3f
115,Home IngChat,56,5a9rb2kzt7dp
116,RankChat,35,xki5lw8e9s130
117,BytecardChat,278,0mtndes75w
118,VeribetChat,64,qsvm0qev
119,Zaam-DoxChat,5,a7vvsaak
120,BigtaxChat,245,hn8cf2ef97e
121,StringtoughChat,133,n5f36thj2dq
122,FlexidyChat,237,hb2noyeg
123,ProdderChat,14,xdl3xhnv1zzsvil
124,NamfixChat,199,ptmw81f5bkw
125,CookleyChat,197,83rqttkgbyth
126,BamityChat,237,sqgfimlu1flzka3
127,AsokaChat,16,bp8on49bl3w
128,RankChat,222,4crww5en3lh5
129,AndalaxChat,89,nnibpei3dwiffl
130,VagramChat,89,ztx0mydsrbhelv
131,Y-findChat,35,gj8c75f0uykgu2j
132,KeylexChat,53,byh0grqma0yeag3
133,VoyatouchChat,83,1nus68t4za601tv
134,Y-findChat,82,c0d4aw3jmgnfob
135,BitchipChat,149,322x4af3p
136,BamityChat,246,tz8xw1x2u3452
137,DuobamChat,279,8oj7cplqdl1u
138,BamityChat,151,ql9td9p8q735z7k
139,VagramChat,114,n0nuqem5v3a4g
140,RegrantChat,279,h72eauc9bef9
141,DuobamChat,291,fm6fjfp3
142,Sub-ExChat,56,ltr0wz8eae
143,Sub-ExChat,142,d5twwsdtouxc
144,KeylexChat,45,x1cq04356
145,OverholdChat,171,czkr8yngqpl
146,AlphaChat,34,9us1smfvqxvsb
147,Fix SanChat,107,kckgaj6ib
148,StimChat,235,ncbpt9rkkp
149,BitwolfChat,81,230uixvnepz
150,Sub-ExChat,190,19yyka1o
151,ProdderChat,224,x3latpjy
152,GembucketChat,240,xh8pleogr
153,Mat Lam TamChat,285,eh5lrqbl7mq4o
154,AsokaChat,80,opqkto5i
155,Tres-ZapChat,33,z7laksnm0
156,DuobamChat,129,8tpwxavn0f7nc
157,SubinChat,159,5j3yteotgy
158,GreenlamChat,56,bk2qmg0ns
159,HoldlamisChat,159,la7dywc5oto
160,VeribetChat,73,i7f5grd9qur8xj2
161,ItChat,34,yzzgit9moc2i
162,Y-findChat,35,8mmz1jga
163,ToughjoyfaxChat,94,f66j616v4j04dii
164,TresomChat,20,vt90h83gtb
165,Fix SanChat,271,j11u18fg23xg71m
166,AsokaChat,78,ezof40p26s9swq
167,DomainerChat,89,bua384bo36908h
168,VeribetChat,103,vofmp41sag4y3l4
169,BitwolfChat,154,boo8qdfyu1
170,KonkluxChat,33,pzfsvh65
171,VeribetChat,139,ymul5fnz1f
172,OpelaChat,222,lz0qqsbcgkx0i9
173,LotluxChat,67,48xpioaix0ywac
174,VentosanzapChat,106,n28u3fywaj
175,Zaam-DoxChat,258,3lfa5ehsajo
176,SpanChat,98,eokbgr2u1k0t
177,AndalaxChat,193,gzvy7hscn
178,VagramChat,108,tiirg7opw25u1fn
179,AlphazapChat,185,zktceyov37o85b
180,BytecardChat,229,75z3lkyd18kcpie
181,OverholdChat,284,lo61dilcv69mobl
182,StringtoughChat,15,hx87qh3sol3wlk
183,BiodexChat,141,49xdb85r9gj9ydp
184,AerifiedChat,74,gu096161
185,CardifyChat,251,xk98v4ucd
186,Y-SolowarmChat,141,4ruc7r6yi333y
187,StimChat,168,4v6qu9z7qj
188,ZoolabChat,152,1papbr3gmghh
189,Y-findChat,274,0p8u5h932
190,TempsoftChat,40,ia31sspaeo6
191,RankChat,106,d7zlk1o1vaizo
192,Sub-ExChat,140,fw9q2rx9
193,FintoneChat,129,wvsea38f1bm8
194,HoldlamisChat,124,83j3yos8j
195,BitwolfChat,231,gp48a7y0htn1j
196,BytecardChat,117,c4zb3jv57
197,Sub-ExChat,60,nwuqr60ciefu
198,RonstringChat,252,yr71172xs
199,StrongholdChat,207,nd384dh2tqn
200,LatluxChat,44,aoa3gakyxf0
201,StringtoughChat,240,u3zrq11j
202,TreeflexChat,121,rrhxl6n882n
203,BigtaxChat,147,4z33k2vbs
204,SubinChat,256,35gr73xgij
205,SubinChat,150,4lr34ny4
206,RonstringChat,122,tnyaul8w25fc
207,JobChat,133,kaxonnr0
208,OtcomChat,204,vp2wtpqac4
209,ItChat,189,7zith5jtd70k1
210,TempsoftChat,207,411ctpm0axamv
211,VeribetChat,73,3kjgrjmnlpb2cv
212,TempsoftChat,62,jaz5lhe7
213,VivaChat,196,rfn0o4olynqir
214,BigtaxChat,203,ihoax5plbd1dw0t
215,StimChat,26,3k7017ow
216,TinChat,176,l9cl7yjr
217,ToughjoyfaxChat,58,8zxg2sxb5u59
218,TrippledexChat,23,wyin5k90o
219,TreeflexChat,13,ynvpa4v4q1
220,DomainerChat,126,wr6e5pzzq
221,LatluxChat,51,rz9055a4
222,BigtaxChat,232,rawodgqvycjyl8
223,CardifyChat,40,rq70g5lymt2y
224,SonsingChat,173,fog83oshxec
225,FintoneChat,217,9v78fwg2
226,KeylexChat,298,5ijq5twlmbw
227,BitwolfChat,95,u78398tacv6971
228,MatsoftChat,21,bzra3qks1f9
229,TrippledexChat,158,krlcuxwnc1oldot
230,KeylexChat,124,t24n3lqo0mm
231,CookleyChat,186,i3ugutvo0m8k
232,SubinChat,80,mg5oes1c
233,SubinChat,171,b77f9fc8
234,SonairChat,212,21fp67y49bnu
235,RegrantChat,3,5ukrqr3tg9kf
236,Quo LuxChat,20,yokd7j0af
237,TempsoftChat,240,vi7j8ggmhut
238,BytecardChat,113,vqq4bmla
239,Sub-ExChat,12,0g0ro6p1mc2e
240,ProdderChat,120,xc8s0ku5p
241,StringtoughChat,13,ue6l309r5b
242,JobChat,145,vyei0fdsykoj3l
243,Y-findChat,244,hdom99r3s645n0
244,Mat Lam TamChat,70,q40gp1c0l
245,TampflexChat,286,ij50zgjxq3z
246,VagramChat,134,qktzhky6
247,SpanChat,49,db2p2ohjxo77
248,VivaChat,55,h4ka00d8
249,GembucketChat,272,dcmqyw25we1
250,Y-findChat,245,7ccj7cvwhvxpder
251,StrongholdChat,187,95j2l95oqat8
252,BitwolfChat,39,ers56evg7
253,CookleyChat,148,p1oc5oce
254,VagramChat,242,vjld5v4voslxj5
255,DaltfreshChat,35,zp8kuiuubfh2
256,WrapsafeChat,167,h9yksyfcdnx1
257,SonsingChat,152,yueafp4x
258,Sub-ExChat,211,8oozhtnqdlca8
259,AlphazapChat,88,ykg8eng194b
260,FlexidyChat,228,f40gaprjxvabgu
261,Zaam-DoxChat,20,7hzdr73u3cc5u0
262,FlexidyChat,172,urzgp8o4zr4
263,ZoolabChat,117,xl6mkmi36992
264,BamityChat,271,3jvoga20f
265,ToughjoyfaxChat,163,py3imcaq00v08k
266,NamfixChat,129,c7l79bnb9c
267,ProdderChat,226,qd1rn4agouwau
268,RedholdChat,110,7f4jcjvvk8uhmf
269,BigtaxChat,216,avego5ng97y0
270,JobChat,108,b9d38wzs0fhwu
271,OpelaChat,88,ozcreeildeg
272,TempChat,62,8lvloza5q1k3p
273,SpanChat,109,r6mrrurmbfdrm
274,RankChat,289,9px4gj5t2k0fg23
275,BiodexChat,180,2auy8vow
276,BamityChat,283,fph2d4ok56pkf
277,HoldlamisChat,134,qeef7kqjgn
278,FintoneChat,176,fm0p6lgjujvgl5
279,KeylexChat,68,6pwyjmolfjmoa5
280,ZathinChat,84,em2zqk1ddcwh
281,MatsoftChat,256,w0rn5bj9nqqbiq
282,StimChat,66,nppoi72hzu5
283,BiodexChat,189,36h2cctju1u2i2
284,ZontraxChat,254,j7y17e0kkz
285,FixflexChat,96,2f6mr72u20i
286,StimChat,270,wz929f0w
287,Fix SanChat,268,kwbhcvqp3jxm4e
288,SubinChat,221,n42l1xbx30gw
289,VagramChat,274,hh6jcaooup2
290,Zaam-DoxChat,182,lkdlyjusqmno
291,PannierChat,166,sk2iermv7pk27m
292,BitwolfChat,143,7fnpdmmvt6ipvr8
293,BitwolfChat,229,wbl6vi2s1dhjy
294,DomainerChat,232,ogtt09449a9e7yd
295,BiodexChat,99,hrbx1yj8nxy
296,HatityChat,287,hz4pmz8bjre
297,CardifyChat,128,umqc47s6o
298,BitchipChat,3,rtm8s53u0rr8
299,ZathinChat,145,twlg4dbkzkjnfof
300,WrapsafeChat,213,f50k8xizgxo
301,OpelaChat,113,1gmg06b5
302,BigtaxChat,163,v8fi3uz87uu
303,AlphaChat,13,dkrztb9bml1fm6
304,BytecardChat,114,3vmgsuczxmia4
305,SolarbreezeChat,90,uhri4lhw2t
306,DaltfreshChat,185,blfalsygrb2
307,SonairChat,287,y0md797agfurv
308,RegrantChat,11,7cvx6au5tm4c
309,FintoneChat,168,0flh1qiuoxwj
310,ItChat,250,4201i9fa7l
311,HoldlamisChat,294,iqqq8sp9h1q6t
312,Y-findChat,103,afm8opboc9vzdls
313,StrongholdChat,101,6smlmkgl0
314,VivaChat,108,kqh4xfwul2ufnvh
315,LotstringChat,99,tv0bn53nznerx
316,TempsoftChat,6,7ly9eytuktv5y33
317,Y-SolowarmChat,40,r0eroqgkyn
318,VoyatouchChat,82,1nubs2r7icfqh
319,TrippledexChat,140,ihmlumxcuh3gui3
320,VoyatouchChat,246,ay07m7fru
321,GembucketChat,210,991ytchs
322,SubinChat,15,t2cuyed746qwg8e
323,BiodexChat,90,xkz6ga1ab
324,BiodexChat,74,axlo6uekx8s8a
325,ZontraxChat,183,bzmg8263
326,HoldlamisChat,231,ia5ornfueoxvo
327,BitchipChat,225,ssb6urxyw0kem0w
328,DomainerChat,194,3pn8req6in9l
329,ProdderChat,208,z4mklwba
330,Y-SolowarmChat,294,rytw1i305fp9m
331,BitchipChat,209,eznsmnkgurleka
332,SubinChat,258,jnrh3c54u5
333,PannierChat,228,tqfh209hgddc8dc
334,HatityChat,78,vvdd3h4uz
335,RonstringChat,239,lutmr12bwb
336,SonairChat,244,dzqn7r3co3wsmk3
337,TinChat,138,h2rwii1gqa42iyv
338,SubinChat,8,wbqrgc8useg8
339,HoldlamisChat,220,tz8jcuui
340,StrongholdChat,178,wh2p13ga9kv
341,Zaam-DoxChat,143,ybchafo6sir1nv
342,Quo LuxChat,272,7v0wjip29ah
343,ZathinChat,202,p8qic8jc7
344,JobChat,95,o5bnknxxixr4d
345,SubinChat,300,y4x991i14
346,VagramChat,164,ueqrunojtfrf
347,GembucketChat,25,vyyan8vuwzpoy
348,DomainerChat,31,smwebkfte8j9xi
349,SolarbreezeChat,291,h5bz2mg33
350,SonsingChat,158,8fz3nh9jp7
351,DuobamChat,278,4l3pi73kvfs
352,FintoneChat,20,g6j5fhao2w1
353,LotluxChat,184,xzty9qg51eud9
354,CookleyChat,214,mt7fo801tdvk5
355,BitwolfChat,14,buif0u76kp
356,TinChat,151,q501ixr4wj8v5s3
357,Home IngChat,198,elk8cwxrv9
358,NamfixChat,128,0e8s9cw9xj5e
359,VagramChat,201,ir3ud7wwiou1wo
360,KeylexChat,188,ompag8dmz43b6r
361,CookleyChat,82,e1jhe22zslep
362,TinChat,62,6ikv4xex9
363,ZoolabChat,240,4yjfaqaluy8ptmz
364,CardifyChat,6,lg7oxv6045l
365,Home IngChat,107,t1ylxkdhagxf0fs
366,PannierChat,134,waj2tzxrdth0rs
367,SpanChat,205,vrduxlptr2bvr7c
368,SolarbreezeChat,190,mffebp2gmrrvr
369,ZoolabChat,110,iayc4rj83dcx4
370,Home IngChat,68,25ulkpiwv5
371,PannierChat,159,nndudmaiz
372,AerifiedChat,157,ph7dqtnvi
373,HoldlamisChat,17,6m73589rnzv
374,ToughjoyfaxChat,35,q4eggyz3nyxnk
375,Sub-ExChat,202,e7y3uin1kykx
376,StrongholdChat,76,e2zab6wjld
377,BamityChat,77,vv7c77iqki8l71a
378,ZathinChat,126,w4ryfznoe2ozp
379,PannierChat,64,3z7zu5simx2yw
380,AndalaxChat,277,t5kn2yt51t
381,BigtaxChat,22,c66obuoj
382,BytecardChat,275,wsy1rqe4oeqd
383,OverholdChat,47,w9i716awqtkwd
384,GembucketChat,85,7ki7t8ld
385,ItChat,19,dcwwl15q10xe
386,LotstringChat,90,zo8kt54cqu
387,Mat Lam TamChat,255,p85x2whi7lz
388,Quo LuxChat,151,fgo4i0tg
389,RonstringChat,146,157101xdzqf1
390,SpanChat,287,2qfjx8qbirf
391,ItChat,102,xb9j816gz1jml7
392,TresomChat,295,psd3583bcjam
393,Mat Lam TamChat,175,ixemueru7oab
394,Zaam-DoxChat,297,ayguowzyadvhr
395,SubinChat,247,fp58opt1t
396,LotstringChat,186,5m440vbjsu7vml
397,FlexidyChat,175,s23bnn1ced3crtu
398,GreenlamChat,205,m41lkvhfy
399,JobChat,19,ffm1jo1n9eo
400,SonsingChat,27,6gq0nki24g0
401,OpelaChat,160,lfjpas0fwl02jv
402,AlphaChat,209,mo51t9uxic53
403,Sub-ExChat,262,jx7kio6acegtgk9
404,BamityChat,25,phg3ip43xqr
405,BytecardChat,196,icdf1dcr8t0ln
406,AlphazapChat,145,rk2j9atudx
407,KanlamChat,89,1wg4ayxecui
408,OpelaChat,41,l97qatg8kwvink
409,Tres-ZapChat,293,dvci26yrawzqf
410,Home IngChat,247,d7thwptotv
411,StrongholdChat,50,ttganpjb4
412,FixflexChat,194,ozzqcw23
413,Y-SolowarmChat,210,wx09jjpgn38b8w
414,OtcomChat,300,5y3y3t9g8om
415,Y-findChat,130,qmzds9tf717
416,KanlamChat,233,5y1jmnban03fu05
417,VoltsillamChat,152,zb098hapbwfk0f
418,GreenlamChat,194,1fac2ubhdq2
419,BigtaxChat,96,ezvix5xo
420,CardguardChat,156,9af4kbqr8
421,NamfixChat,144,pus9zjawpi2
422,RonstringChat,183,gg5mevpgcbhkog
423,ZathinChat,120,hgdhv7uli
424,ZamitChat,160,c9vv3m86rd46xtw
425,GreenlamChat,121,xsfcomtnbsvc
426,Y-SolowarmChat,110,seytwehic
427,SolarbreezeChat,45,ljtphlve
428,OverholdChat,205,9c72zom9yu8ls6q
429,Tres-ZapChat,168,tuqptritwfyx
430,BigtaxChat,292,tt9hdh5rg5
431,TreeflexChat,27,flwurmy2beeky
432,StrongholdChat,139,31of0f51pulx3o
433,KeylexChat,194,bdrut7jz0
434,AlphazapChat,263,yzvztnewaxpp
435,VagramChat,122,m3ys2srp0hszg44
436,RegrantChat,204,krm27yg8pm
437,FintoneChat,38,d54hourglfh7cp
438,FixflexChat,97,xhn1v6745p4ko1
439,DuobamChat,139,m6tdswb5n8n
440,Zaam-DoxChat,233,v4jf54gmfo8lk
441,JobChat,109,zr8aapaqkft2h
442,OpelaChat,112,t4wppcokew5m9
443,ZathinChat,31,ut7x91acugy26h2
444,GembucketChat,268,n458fsc76
445,Quo LuxChat,213,q7xbw3i2h
446,WrapsafeChat,299,nocu9f8hb83
447,FlexidyChat,8,reog66eevi
448,SonairChat,56,r1i3swtp61z02f
449,KeylexChat,233,uhy535e4p3
450,HoldlamisChat,19,ah14i6k8i
451,VoyatouchChat,243,7acfffdin4i
452,StrongholdChat,15,rfcwkojqmkkdziq
453,Quo LuxChat,286,laolj17ltohbvd5
454,GembucketChat,170,tzbzicybrxqpsl
455,ToughjoyfaxChat,8,oxczfiggbheas
456,KonklabChat,202,fdamuzskqz52hi
457,ZamitChat,259,aet2e6qcj
458,RonstringChat,178,bpuz9nkyzbfk6p
459,VagramChat,27,tv6l3g7qvi
460,Y-findChat,82,272fjz3ri8v
461,Sub-ExChat,211,apx0qzojx
462,CookleyChat,200,9jycg8buq
463,SonsingChat,97,2vhu0urii
464,BigtaxChat,159,nkrpaptnmcuhiu
465,HatityChat,127,imkug6o9p4xf2
466,StringtoughChat,101,sid2l2xcatfavs
467,LotluxChat,57,p4wjn6wbxr
468,KonkluxChat,183,w3jvftl9zs
469,ItChat,132,fowlw17shzwye
470,OverholdChat,57,7zgkgloe
471,Fix SanChat,112,9efobpo84m5m
472,Quo LuxChat,3,pz98wwjhi
473,SubinChat,227,y1wv8ybnonavvni
474,RonstringChat,234,evaq6okzes9gf
475,BitwolfChat,58,x4vzz4hyn
476,StringtoughChat,36,bgtg9u65ogh
477,AndalaxChat,108,eydvsju0mz
478,PannierChat,83,tx11f818eo2xelf
479,AndalaxChat,279,aejyksc0
480,AlphazapChat,186,fce8nqeq127
481,Sub-ExChat,259,ahmuuinupa24mhe
482,DomainerChat,255,c28rqoox1d
483,Quo LuxChat,218,s4689vz0b
484,BamityChat,272,1rjqwnallozsjz
485,ZathinChat,27,oux3i6nqoors
486,Y-findChat,229,7tqauneqtjjre3
487,FintoneChat,57,g4wav7j80rdy5
488,StimChat,147,w82sjcw4s
489,HoldlamisChat,63,o5ehdfbj6l9ud6
490,WrapsafeChat,89,p3gssv728lbb
491,OtcomChat,169,ha9syx33q1sfzyk
492,RankChat,112,xyvw0tp2
493,JobChat,127,2jcstk5zi4u
494,OtcomChat,204,pwvqx9mkv6xhte
495,Y-SolowarmChat,166,uhsdrq18f9w
496,TampflexChat,201,vlgic0mpx1jvz
497,VoyatouchChat,278,indf4dfrjqwne
498,AerifiedChat,37,yzrbn317ddpcvfu
499,CookleyChat,279,vq3u4a8t
500,AsokaChat,206,ko91suk22zm8j
501,RedholdChat,12,f6yadykz
502,ZontraxChat,167,fr1v1brhf0vise
503,KonkluxChat,35,gus6wzbfe
504,VoltsillamChat,199,w5sk9zycbbuwqb
505,Y-SolowarmChat,101,jigxzih5x2
506,SubinChat,49,mgd9d26idzgns
507,TinChat,183,h66tuf82p4ecjoy
508,StrongholdChat,142,xbg30wlrf3l
509,Sub-ExChat,124,bgaxp8q56tmjwy
510,ZoolabChat,95,p6k2tyz3rc
511,CardguardChat,229,r2bagcan7vljmm
512,TampflexChat,91,saaemws1id7
513,SpanChat,110,dtet4z0upp1ne
514,Quo LuxChat,69,sdcwy1wqj8d8
515,TreeflexChat,56,7oujkkcwxq
516,Y-SolowarmChat,77,ypdlt1z0
517,VoyatouchChat,64,b9y43noxgg8
518,OverholdChat,167,00zcwu47a
519,ItChat,227,js6e6x6uodslc6
520,MatsoftChat,82,2e7sw5l1v1p5
521,VeribetChat,170,xge2boo58tpv
522,VivaChat,76,tzxdk6rtn
523,RonstringChat,95,npif8jrjb50jzwf
524,MatsoftChat,274,hgpjiqiqxmurmnj
525,VentosanzapChat,144,bd7ebbw3euwzx
526,SonairChat,281,nofoh4jy
527,LotluxChat,81,3f89kxk0
528,VoltsillamChat,203,oc4cw8g12gfhn2
529,BitchipChat,59,rho64qmjyvgo3
530,TempsoftChat,226,7s0mqxwcf
531,Y-SolowarmChat,237,dnaenffx8dewn9
532,LotluxChat,212,ix5f4a17
533,OtcomChat,250,d5w18x7eq0bk
534,VeribetChat,141,mkyaksqfidawrc4
535,TresomChat,252,t5vxwogze
536,TempsoftChat,300,lsbqj02ax
537,TranscofChat,31,orfnx79a3knzd2h
538,BiodexChat,3,k1m22sz0tuoy8xm
539,ToughjoyfaxChat,6,gtsplr8q
540,DaltfreshChat,41,7zr3hov4lo3udtw
541,LotstringChat,137,3bjkv8f0uwnf35y
542,AsokaChat,146,8fcu3kefj
543,TranscofChat,282,hnk9jd32rd
544,SonairChat,73,o9kng15c2cz
545,Tres-ZapChat,127,3lu9g6d1xrc3gjk
546,Quo LuxChat,177,ax9rvaoed0nntv
547,DomainerChat,128,60gurhwb4ex4hyt
548,TranscofChat,282,bpgzgz6m08b8b
549,LotluxChat,9,qeejsz48h
550,BitwolfChat,278,416z23jgq
551,VoltsillamChat,157,17mrt7s2n82e2o
552,ProdderChat,283,itvsnjjoeh
553,DuobamChat,5,8rsia1qmjj
554,Fix SanChat,103,owaz4bjrp3tvu5
555,Home IngChat,275,zfw19myd
556,FixflexChat,257,27x4bef1qf
557,TranscofChat,97,58kvaejz8cc7qtn
558,TranscofChat,194,vv30hvlpw
559,TreeflexChat,283,0u6etjtbu1a8
560,Fix SanChat,221,x8uu5gamh
561,AlphaChat,174,7y49ao6awydmo
562,TempsoftChat,144,9gwm9ogj0
563,AlphazapChat,240,3gondau5snh4k
564,Fix SanChat,12,dfinvrpeh8becf
565,FlexidyChat,98,vcxss5g6
566,ZontraxChat,222,vvlbajgn
567,ToughjoyfaxChat,244,gitedofpeat9o
568,Quo LuxChat,280,0ucd22lejslqs1
569,HatityChat,290,5nqhkcaxptiw
570,WrapsafeChat,137,xsielmzzecu
571,PannierChat,48,o2j47ut8uo4
572,WrapsafeChat,156,wne3uri7
573,TreeflexChat,89,husg59ja9kio
574,VentosanzapChat,11,8joto6wq9ts
575,KonkluxChat,258,dyvjxpl4a49
576,DaltfreshChat,122,pu1l8uqy8o
577,SubinChat,27,20gaw4do
578,VoyatouchChat,114,350j7fzztf2
579,ZoolabChat,158,1xkwoh3axqi7
580,FintoneChat,249,52cbh54gt431b07
581,DuobamChat,54,7nuo9nnytge78nk
582,HoldlamisChat,207,7x6m7bh9nxtvtk
583,SonairChat,128,ir3lk0b5
584,AerifiedChat,84,ljsh20ed71dbd
585,NamfixChat,9,3lcihqvp44bdmm
586,OpelaChat,173,w7tvn5x13
587,CardifyChat,284,8pmhb13ob8
588,LotstringChat,285,344fvpr37a
589,JobChat,25,6ilee0388b537eg
590,Mat Lam TamChat,296,ys6gnurgdx
591,VagramChat,248,l1qcumgl
592,AlphazapChat,14,ux9h36alhb5g
593,VoltsillamChat,195,jt5wwvg98
594,VentosanzapChat,183,3laxb5x41h4y9ik
595,DomainerChat,20,1k3phtfd
596,FintoneChat,123,sqz7wzgvl4
597,MatsoftChat,254,tu49zoens
598,TreeflexChat,88,4xk9z7khkof4
599,ProdderChat,153,ct9xe21j8
600,RonstringChat,85,prwhje8l849t1ta
601,Sub-ExChat,83,a2ek82zg8ze
602,GreenlamChat,122,9m6bo4ubnmqaadp
603,MatsoftChat,242,fgzxgics
604,SonsingChat,272,6z3n999yvgw4y6h
605,ZamitChat,62,5jpi4we8a
606,FlexidyChat,148,5cv3y6itxo7d3
607,TempsoftChat,113,cq8mseyn1my
608,Sub-ExChat,30,ts8ckd29asyjbz
609,BiodexChat,120,srv0xi1guw7umtn
610,FlexidyChat,4,he6osg9rl6ufjmz
611,StrongholdChat,204,eilyni3nu
612,GreenlamChat,125,qt8nlfxaltg
613,ZontraxChat,225,fg8eluv32o
614,StrongholdChat,180,kwln7glaciae
615,GreenlamChat,6,phytbznfo7e8d5x
616,ZamitChat,65,ns6uybly2vdq
617,VeribetChat,234,5jyxi1g62
618,ProdderChat,244,xml1fsbq6uo3
619,Y-SolowarmChat,96,wtjy9o4cplj3y
620,OpelaChat,214,okgby101d8
621,OverholdChat,251,3g3t7vme
622,OverholdChat,248,unbqh7224r4bb
623,ZontraxChat,19,r14b23p6kx00
624,FlowdeskChat,272,n8vlsynhy
625,GreenlamChat,238,6kacs7ij
626,ProdderChat,297,ft01z40u
627,AlphazapChat,296,3lxl4gqzduhogx
628,KonklabChat,102,yyi1n8k0qsk
629,Sub-ExChat,148,ui9qjju6
630,SolarbreezeChat,134,1sstdp3etm
631,StringtoughChat,278,rqoymdosv
632,Zaam-DoxChat,97,q5jv9em94
633,CookleyChat,38,3pshzcekml0
634,DaltfreshChat,125,s7c4wcx1
635,TreeflexChat,77,wbfjvpjxlsoh2
636,ZamitChat,40,t04vrpoz8bw6
637,OtcomChat,80,e6vc85qg7sg8se
638,BigtaxChat,61,gpaoca7sb99o
639,TranscofChat,43,wdbbcquo4uf
640,Tres-ZapChat,106,ugo605o4pqr
641,DaltfreshChat,104,ik4ik71z7tq
642,Sub-ExChat,128,8577tzw6ofdvv
643,NamfixChat,63,lfgd8v5nha9c
644,HatityChat,219,9ntr0jt1bfe
645,CardguardChat,225,owtq4dtl
646,CardguardChat,188,drqpid4a1d6qeev
647,ZoolabChat,138,h74vwjhl
648,TinChat,91,y9wtcm260hv1mb8
649,StringtoughChat,232,v7qt2jvssu1
650,BamityChat,25,s89tkgmnk
651,MatsoftChat,18,hynfpl9zx0k
652,RankChat,1,4oujcrn3n6
653,SolarbreezeChat,82,vz4z11v6
654,CardguardChat,218,85g69yuxh5u81y
655,Home IngChat,141,tzrtgdocm
656,Y-findChat,92,m4xhcg238d
657,SpanChat,255,6sqrzcfz
658,CardguardChat,244,7764i0q1hh
659,BiodexChat,71,nqxhxv9lp6
660,HatityChat,105,avtc59biud4jm
661,RonstringChat,249,zfm31p8nbgvsno2
662,KeylexChat,186,uunob2c2
663,BamityChat,274,1spcsvl4yxan
664,TampflexChat,190,fi8kjjfw7fe
665,ZathinChat,58,x9eprihoasyf8yb
666,AsokaChat,169,r4zy2x3ka6faq
667,BamityChat,100,n50btsdql
668,TampflexChat,40,1vbc3e31irtp
669,TempsoftChat,287,5bh9u6t0oqx8b9x
670,VentosanzapChat,156,8l505uhx61h
671,AndalaxChat,267,3f53qd8r4go
672,DomainerChat,248,bx4bfx71fa3jh2
673,LatluxChat,127,i2spfhw315r40e
674,TempChat,96,f0rz0wmwd4
675,FlowdeskChat,104,a0etw0q0
676,SonairChat,174,ry67ebr3k
677,CardifyChat,274,b3nv0uom1q
678,ZamitChat,20,l34aw5ucg7ozbza
679,VivaChat,78,pgq8xp5xvt4kqs
680,Y-findChat,168,rd1q6z8uqcc92jf
681,ToughjoyfaxChat,92,xsmd7snrfj7
682,GembucketChat,218,3k12isann1
683,CookleyChat,256,aqjxqlkd0p34t
684,VentosanzapChat,27,miaxcae9
685,CookleyChat,74,y5wvnx9j70y
686,PannierChat,70,666yejby8q5o9k
687,MatsoftChat,2,dz5voj1sqz9k4
688,KonklabChat,210,p3gqjdft3a
689,FintoneChat,103,2n1aejdrtxpk9
690,Quo LuxChat,43,3w17tluw4sw75h4
691,SubinChat,67,f6gn8t41g7ly
692,FintoneChat,282,j7xa4v8th5c
693,AlphazapChat,97,2tzyurohd6
694,GembucketChat,54,j7zoq100dl
695,Y-SolowarmChat,145,62ntsk9mhvkv
696,SolarbreezeChat,64,8zh74x94efcr
697,HoldlamisChat,300,i7o5d0vuzzvqmxb
698,TresomChat,262,wf83xlox
699,Mat Lam TamChat,140,9ugnn20svugjez0
700,Y-SolowarmChat,34,kwmm255z93hxo
701,DomainerChat,187,6gxzszwv20mwy7
702,Home IngChat,91,yu7z6qjyaqo3s1
703,OtcomChat,101,h6nk4kt50pv0vkn
704,AerifiedChat,243,tu2sabsgmdu75u7
705,RedholdChat,225,233lu4vrk
706,NamfixChat,286,tbiuaglb3
707,KonklabChat,78,2aex7nuiou6wt2d
708,Zaam-DoxChat,177,3vy1g8s35u8d
709,KonklabChat,126,csevtmj4obhfmhp
710,Tres-ZapChat,58,zb4txibg5xf
711,BytecardChat,106,3yjy34p7gjoe
712,GreenlamChat,25,igfqseukj
713,HoldlamisChat,157,toqt4xv8bd
714,VentosanzapChat,264,ddn3cdf9grgv7vl
715,ZathinChat,55,k2mrgbha2t
716,LotluxChat,26,cve501c8nnnjm
717,KanlamChat,83,tptdsgl58je5ar3
718,DuobamChat,80,7szub4xkjiqm0rr
719,DomainerChat,118,jx9ut0re
720,KanlamChat,138,4k2c5ruzqy6
721,TempsoftChat,41,20kqw68t02ib9
722,NamfixChat,149,ftf93crej
723,SonairChat,31,3de2trrvvs
724,GreenlamChat,142,lb6qikv4
725,WrapsafeChat,15,283cna2l49
726,TranscofChat,98,lv6752greid0h6z
727,VoltsillamChat,57,3a4gxz3c
728,StimChat,35,z1muttez5
729,AndalaxChat,14,px2xg5iejlk
730,SpanChat,181,snkrymknp6qq6d
731,KeylexChat,254,8w9egi1q
732,CookleyChat,252,3b8r99h7856j8k
733,HoldlamisChat,42,1ks6ya61oho1x9
734,GembucketChat,257,yvgl0y6kilvfh5r
735,SpanChat,19,to2qa6rjylv33
736,ToughjoyfaxChat,274,g1n5soe2m2w
737,OverholdChat,37,2cgnaz7qgpm05g
738,Y-findChat,10,vhdpsryr1pvc1e
739,StimChat,161,vln0xuu5
740,OverholdChat,104,6qzvq8d9g
741,SonairChat,275,we34heakg0o
742,PannierChat,86,3zjdi9ai
743,BitchipChat,234,apdhsavqsjulc4l
744,RankChat,163,ocs075wqyunq1i3
745,FintoneChat,244,bprkdokvgj
746,OverholdChat,137,47j85tm76tklw
747,BitwolfChat,157,i7ee7bphd3v
748,FlexidyChat,158,0sk5h5gtf6e
749,Fix SanChat,116,tjs2wh8g0j
750,SpanChat,189,ydgs0ol2q
751,Tres-ZapChat,200,5gblhvwlr
752,TresomChat,2,yvccxs46a
753,Sub-ExChat,93,vefullas2uci
754,GreenlamChat,142,92vgnkuyqsdop6
755,WrapsafeChat,210,e2rd8k937plbyu
756,ProdderChat,20,ibouo3si079
757,TampflexChat,209,tji66e5knjp
758,DomainerChat,252,r7gh7gaz6
759,KanlamChat,244,g3msq3o2eh4
760,StrongholdChat,289,58bb9evxdq
761,LotstringChat,195,4bt2nf8ibv702rl
762,TampflexChat,26,xn8rffsuqcm0
763,ZathinChat,115,qcxi8n2vbnp5zua
764,OverholdChat,247,vi192xy9w1df
765,DaltfreshChat,79,q2w0e8t5xc7t
766,SolarbreezeChat,251,e7s67w93a4kq
767,VoyatouchChat,96,g4oylbo4
768,CookleyChat,279,bdm881en1tzma
769,Sub-ExChat,227,vp19oxk2x
770,SonsingChat,243,y9kyqbsu64y
771,SonsingChat,294,3i7mv5dco
772,AlphaChat,93,g4apvd9f1msk
773,BytecardChat,255,v6fs3r901jnnae
774,LotluxChat,185,y0ao0v15
775,ProdderChat,190,1grejugx
776,VoyatouchChat,274,rbf62rtj
777,AlphaChat,96,lt9xmcxsi
778,DaltfreshChat,32,jeahkad7y8
779,KanlamChat,82,ilx7lzexet
780,BitwolfChat,55,mmcpyb30vj53fyj
781,FintoneChat,102,go3p6ecnnv7ywu6
782,AerifiedChat,138,fh6htcgh3y8qoq
783,DaltfreshChat,126,6xndrbb2efnn76i
784,TempsoftChat,234,hdwdm5jjaqz1k
785,BiodexChat,75,7hckd32dsys8ir
786,RegrantChat,275,2j7jdcm4ydg
787,Tres-ZapChat,209,wb93i36w
788,BigtaxChat,251,c75yn36q
789,VivaChat,110,84wu3coitqgaok
790,JobChat,126,z2o2028j4pgm
791,RankChat,138,fd29n50e1
792,PannierChat,187,4g1ie7n8
793,BigtaxChat,186,8ow09alg1hg5
794,TrippledexChat,296,biohvvcfwjxlh
795,SonsingChat,54,mw35l5utlocp2sy
796,HoldlamisChat,265,s1ebyhozgq
797,VoyatouchChat,2,jqhab6fbcbwg
798,JobChat,110,i4kmc7f8d
799,StimChat,127,snl0k7z469z2rk
800,LotstringChat,209,svr7iud145mkvp
801,StringtoughChat,51,c44lw0l2iva70
802,CookleyChat,158,3jt4kbxhj
803,BitchipChat,55,clzvqd0ia
804,MatsoftChat,291,1vb88x3a
805,GembucketChat,235,opspysdho
806,BitchipChat,75,gsbivgg8
807,Fix SanChat,257,hvqbsuhhjg8ya
808,VoyatouchChat,50,xi5lnlclr0uyr
809,CardguardChat,200,zrvfeesyv7w1h
810,SpanChat,170,45ywxrt0ec
811,ProdderChat,181,zzpcpvf64fp8od8
812,TempsoftChat,132,yacynkqk9a3llv
813,KonkluxChat,170,fxl5u8qztf62
814,TresomChat,10,uasoh6ft7bl0
815,AsokaChat,194,7wjdrqmkbm0849y
816,VeribetChat,76,17qggmsodtye34q
817,SonsingChat,93,gv57n8x2gn5z
818,TreeflexChat,54,yeho0ph1s
819,Sub-ExChat,139,yn4y5kvmb1
820,ZoolabChat,102,q5yz3n33
821,CardguardChat,90,5t0dexnie212hnn
822,VoyatouchChat,237,9nk36exgi
823,GreenlamChat,252,q11ejyoawlw5g
824,VeribetChat,282,vjdk9f8qa1rs
825,GembucketChat,7,rh1h6wqg
826,StimChat,201,htzclnaml
827,RonstringChat,200,44vkh67ugz3jz
828,SpanChat,139,o2e7ium6f
829,WrapsafeChat,23,745marlmlj
830,SpanChat,101,m97tj8cr
831,LotluxChat,9,wmsy1lf38qoa
832,BytecardChat,24,9czmljvrq1qj9
833,TrippledexChat,285,1w87ztnca67ibi
834,RedholdChat,46,q0qtvbls76prx
835,Y-SolowarmChat,145,r0n94pt7zq4wjmp
836,CardifyChat,136,oaaad10dbcxywm8
837,ZontraxChat,163,i5bqqkdvlyi
838,BigtaxChat,119,o1llldp6bdftl
839,BiodexChat,138,xg6i2k8s
840,SpanChat,269,sdn3ch69o3
841,StrongholdChat,145,0d706s0hvl1z
842,AlphaChat,116,sbangprhixtbut
843,HatityChat,256,t8froj2pv0f7w
844,VagramChat,135,us4yzc4movh6i
845,TrippledexChat,283,caszkyj20s087jq
846,Zaam-DoxChat,128,e288qokmy
847,FlexidyChat,1,wnzgzdrat2vn968
848,KonkluxChat,247,tnlpzs9w8j3oj
849,FintoneChat,40,40hna6it9
850,ToughjoyfaxChat,122,6ox3ucgho0tq1g
851,Fix SanChat,149,ylrw06a4bi
852,DomainerChat,1,ymb5ilaaog0zfcl
853,OverholdChat,71,ga7n382su
854,BitchipChat,36,jnbn630gw309y4o
855,OpelaChat,243,b6h2lhpsnt
856,Mat Lam TamChat,135,ixh48o8qnl6szy8
857,TinChat,158,ubwr4kva55h
858,GembucketChat,82,d0kz4hkuvp
859,ZathinChat,84,nv9k42szm
860,StimChat,82,ykod9hu854ea8hk
861,BamityChat,129,mic8qi2etqp
862,ZontraxChat,296,amf3ju40gek3k
863,Sub-ExChat,279,abm45prf2uano
864,AlphaChat,224,jjgkaebni1
865,FixflexChat,41,macyso956pk8xfv
866,FlexidyChat,275,nt7sqnowypb
867,KanlamChat,114,m18y2svxk8i1g
868,KonklabChat,137,qpchsoi9g
869,CookleyChat,209,9rd3wf9bfjh87k
870,TrippledexChat,80,ihfml7y2p5
871,AndalaxChat,272,kzdxtq7cwct2l
872,SonsingChat,299,pgl8pppoqa75
873,TranscofChat,29,c853jkp4y
874,AerifiedChat,143,6ka5t34s
875,FlexidyChat,269,w8rdcwpk2j
876,KonkluxChat,221,f31eb97lwz
877,FixflexChat,286,sel5gbq0ypklv
878,ProdderChat,163,x0ieyte7l6lc
879,CardifyChat,235,0zk6ymfnkxd
880,GreenlamChat,166,2i56ehj0t3pf8
881,LotstringChat,154,ub1r03fc3koju
882,TampflexChat,128,n2j8hs2tftm
883,JobChat,148,uvp47ck9tey1p6
884,FlexidyChat,286,t4cjdnpxif
885,FintoneChat,151,fynlvgkihy
886,AlphaChat,66,3mr4wp0h8k
887,DaltfreshChat,234,ed5ap8v5sds61
888,WrapsafeChat,101,wrqw2pec834vw
889,LotstringChat,136,uxx0m6a2xev
890,TempsoftChat,98,56m1cd44zehrwc
891,Sub-ExChat,248,i6f15lwdld53
892,BitchipChat,95,ol92ed1km20t
893,ZontraxChat,216,j2d9t0i2b
894,LotluxChat,90,s6mfjjn79
895,BiodexChat,278,vrkn3vk8hpkm0
896,BamityChat,246,win92ryeck
897,Home IngChat,110,ikwp8v16cp6f4
898,AsokaChat,158,5akrd4db9kly6
899,VivaChat,249,k5kgv4cqg8zsixr
900,CardguardChat,13,bh6edbfmc58zql
901,ItChat,36,iexlfqbw03m
902,OtcomChat,77,jvshgfa7j2o3
903,BitwolfChat,55,mgssstrflqohu
904,KonkluxChat,144,6829ph56d1m
905,Mat Lam TamChat,164,v9yk6qjbg03y5t0
906,Sub-ExChat,176,ur9c2mkpj6
907,CardifyChat,167,jypvt54oqjg
908,OverholdChat,125,woyupzsps5ug
909,HatityChat,296,dlqs6snhmu
910,FixflexChat,68,4ldczfkegpmyt
911,Zaam-DoxChat,96,aaoc8ls816
912,DuobamChat,249,uh427i9ls
913,BigtaxChat,249,eeazip6gua
914,GreenlamChat,238,qycs71owx23nfm
915,TempChat,235,qnxvdaqkzfecn
916,LatluxChat,229,tbtaab80l8iih9
917,TempsoftChat,274,0g1gbsmn39
918,CardguardChat,98,pbw6h0s0fi5r
919,RankChat,184,jc3jakulq844np3
920,StringtoughChat,166,do19igp0vyt88gv
921,KonklabChat,83,mtms0tnpks8wtvj
922,BytecardChat,150,5vls3edruco
923,BytecardChat,94,7wuerr600ud
924,WrapsafeChat,267,yrzigu72u
925,Quo LuxChat,249,r3quxmrzdg2
926,StimChat,263,e0ldnz4oc
927,ZathinChat,263,l7y0difv
928,Sub-ExChat,28,khmwpx3b
929,ToughjoyfaxChat,42,q7vpbrkwwadhv9
930,TreeflexChat,98,wk69h0job5p
931,VoyatouchChat,166,xc64qrejmy76c
932,SonairChat,54,x61475mx
933,ItChat,275,bama31xfuma
934,DuobamChat,276,5rbvyuvfc
935,ProdderChat,161,a3xboeq0dddjn
936,BamityChat,185,tjiralg5b
937,BiodexChat,37,o2shk7l1ns
938,OverholdChat,160,t06npsewa4596
939,ItChat,34,qd76tx348xg9cv
940,TampflexChat,277,99r2pn6obia15t
941,FixflexChat,102,xhbjc8slau0v
942,BigtaxChat,42,sk9pe4l9
943,VentosanzapChat,108,djlb41lgax0
944,Sub-ExChat,241,rjpeahhq
945,GembucketChat,164,sjh926p9007bg9
946,LotstringChat,293,xetqbvlaxllg6
947,SolarbreezeChat,127,skwii3gsur
948,KonkluxChat,141,patsos479r
949,LotstringChat,274,8hjvl10sqznz
950,AsokaChat,107,7aytulcnsk46gl
951,TampflexChat,172,81hdmy82
952,VentosanzapChat,188,t991c7hvukgt23
953,TreeflexChat,228,386l0z70unddlj
954,MatsoftChat,256,4ca3checsunw6
955,WrapsafeChat,268,kunj3oi94eq9
956,WrapsafeChat,72,smk65az3mt4p9j2
957,VentosanzapChat,194,cdr2fpyw
958,HoldlamisChat,177,t73y422qv
959,HoldlamisChat,18,q8yu9ki1w3ufd
960,RedholdChat,182,68uuao7dm4
961,PannierChat,180,2c09mcaij1xjq
962,Fix SanChat,110,16hiwd4j5nd2
963,Mat Lam TamChat,226,cznxzga444t
964,TranscofChat,29,q3mrd0uz99m4y
965,PannierChat,145,e58dp77q6zvj
966,Home IngChat,198,cvp8jzbcr
967,AndalaxChat,182,ra1ceu5i1
968,RankChat,140,hesg2r1wsl4
969,PannierChat,250,pnlx47x9nqi
970,KonklabChat,245,i6znbtjaav5
971,TreeflexChat,234,izvrvez2
972,SpanChat,127,3u0s5kajtth
973,MatsoftChat,103,cnbceybfur9
974,StrongholdChat,185,mlck1xywc
975,Quo LuxChat,89,7fog30gtf5t2u
976,BitchipChat,206,3cqtf4vjbw3ps
977,Y-findChat,278,gpagsgx1l07
978,DomainerChat,27,xnnpf48cqr4kv6
979,DuobamChat,5,yffgk65a9qcap
980,BytecardChat,221,gngpnu7z
981,RegrantChat,134,9l96ztgj
982,LotstringChat,81,n1mijv0ayy6u
983,DuobamChat,205,0xwbnn5i5rh
984,TempChat,115,z0u6kbs1s0d8eyw
985,Quo LuxChat,33,bhmvcljha
986,ZathinChat,224,jj4l6ql4dj
987,TampflexChat,276,vqf2b2bmjnnh
988,KeylexChat,114,yf5ie9ciqnpqjp0
989,TempChat,249,xttol7sh90ihb
990,VoyatouchChat,170,w25pmrxgg56da5p
991,KonklabChat,149,joupb87qwjycv9
992,VoltsillamChat,212,sddx05jc6mk1
993,VivaChat,198,hxsux88k507go
994,ProdderChat,136,14usmlmi9l
995,TempChat,191,cc7j1uqvry2798l
996,TinChat,93,pdkdayvv9zmv3v9
997,LotluxChat,18,1wx5jwzb5dtn
998,Tres-ZapChat,87,4ylmax7r15f
999,HoldlamisChat,281,j2hvfh0hmt
1000,Y-findChat,124,jduy0whdo0
